Name,Breed,Age (Years),Birthday
Henrietta,Orpington,3,2021-12-10
Clucky,Sussex,2,2022-09-27
Nugget,Modern Game,2,2022-10-04
Pecky,Modern Game,4,2020-12-01
Feathers,Modern Game,4,2021-06-24
Chickpea,Modern Game,2,2022-07-22
Eggna,Marsh Daisy,7,2018-05-01
Buffy,Redcap,5,2020-06-12
Dotty,Orpington,6,2019-03-01
Snowball,Dorking,7,2017-10-09
Ginger,Redcap,5,2019-10-10
Fluffy,Old English Game,5,2020-04-05
Henny,Old English Game,4,2020-08-29
Mabel,Redcap,5,2019-09-15
Penny,Derbyshire Redcap,3,2022-05-06
Hazel,Old English Game,5,2019-09-17
Tilly,Sussex,1,2023-10-27
Queenie,Sussex,3,2022-01-04
Lottie,Old English Game,2,2023-04-18
Daisy,Orpington,4,2020-09-26
Clover,Orpington,4,2021-05-26
Poppy,Scots Dumpy,3,2022-05-19
Maple,Modern Game,1,2024-02-14
Beaky,Marsh Daisy,3,2021-12-19
Toffee,Redcap,5,2019-12-31
Goldie,Derbyshire Redcap,4,2021-04-19
Pearl,Modern Game,1,2024-03-20
Ruby,Derbyshire Redcap,3,2022-02-08
Honey,Scots Dumpy,4,2021-05-23
Pumpkin,Marsh Daisy,2,2022-11-25
Muffin,Sussex,6,2018-09-12
Cinnamon,Sussex,1,2023-08-31
Maggie,Sussex,6,2018-12-10
Luna,Dorking,1,2024-01-29
Bonnie,Scots Dumpy,5,2019-09-02
Biscuit,Dorking,2,2022-12-25
Blossom,Redcap,6,2018-11-21
Coco,Dorking,1,2023-10-30
Plucky,Sussex,5,2019-09-23
Twinkle,Modern Game,7,2018-05-01
Dottie,Dorking,6,2019-05-21
Sunshine,Scots Dumpy,6,2018-11-27
Minnie,Old English Game,2,2023-06-21
Winnie,Modern Game,7,2017-10-04
Bluebell,Sussex,7,2018-06-29
Peach,Orpington,7,2017-08-30
Peach,Scots Dumpy,5,2019-10-14
Mabel,Sussex,4,2021-06-06
Plucky,Marsh Daisy,2,2022-08-16
Pecky,Modern Game,5,2020-01-23
